Workbook

Sheet 입력
A1: Fatesaid 손익 시트 — 입력값
A2: 파란 글씨 = 직접 바꿀 수 있는 입력, 노란 칸 = 확인이 필요한 가정. 다른 시트는 전부 이 값을 참조합니다.
A4: 항목 | B4: 값 | C4: 출처 / 상태
A5: 가격·수수료
A6: 구독 월 가격 | B6: 7.99 | C6: PRODUCT.md (확인됨)
A7: 딥 리포트 가격 | B7: 14.99 | C7: PRODUCT.md (확인됨)
A8: 연간 리포트 가격 | B8: 14.99 | C8: 가정: 딥 리포트와 동일. 실제 가격 확인 필요
A9: 스토어 수수료율 | B9: 0.15 | C9: 소규모 사업자 프로그램 15% 가입 완료(2026-10-08 메모 기준). 실제 적용률은 정산 화면에서 확인 필요(사용자)
A10: 환불·취소 손실률 | B10: 0.075 | C10: 가정 5~10%의 중간. 실측으로 교체
A11: RevenueCat 수수료율 | B11: 0 | C11: RevenueCat 공식 요금 페이지(2026-10-20 확인): 월 추적 매출(MTR) $2,500까지 무료, 도달 후 1%. 지금 규모는 0 유지. 1% 적용 범위(전체/초과분)는 페이지에 불명확
A12: AI 단가 (측정값, USD)
A13: 상담 25턴 1세트 (봇+요약) | B13: 0.032 | C13: 2026-10-19 sim-chat v2 25턴 측정, luna (확인됨, 시뮬 사용자 기준)
A14: 딥 리포트 1건 | B14: 0.014 | C14: 운영 로그 세션 평균 (확인됨, 표본 14)
A15: 연간 리포트 1건 | B15: 0.016 | C15: 운영 로그 호출 평균 (확인됨)
A16: Q&A 질문 1회 | B16: 0.0033 | C16: 운영 로그 평균 (확인됨, 표본 76)
A17: 무료 사용자 행동 (가정)
A18: 상담 1세트까지 가는 설치 비율 | B18: 0.4 | C18: 가정. 실제 퍼널 데이터로 교체
A19: 딥 리포트 생성하는 설치 비율 | B19: 0.25 | C19: 가정. 실제 퍼널 데이터로 교체
A20: 설치당 평균 Q&A 질문 수 (90일) | B20: 7 | C20: 가정: 무료 하루 1회 × 약 7일
A21: 구독자 행동 (가정)
A22: 구독자 월 평균 Q&A 질문 수 | B22: 120 | C22: 가정: 한도(10회/일 = 300회)의 40%
A23: 구독자 90일 내 평균 결제 개월 | B23: 1.5 | C23: 가정: 체험·이탈 반영
A24: 마케팅 지출
A25: 유료 증폭 지출 | B25: 200 | C25: MARKETING_SPEC.md 배분 (확인됨)
A26: 크리에이터 시딩 지출 | B26: 150 | C26: MARKETING_SPEC.md 배분 (확인됨)
A27: 제작·ASO 도구 지출 | B27: 75 | C27: MARKETING_SPEC.md $50~100의 중간
A28: 유료 증폭 설치당 비용 (CPI) | B28: 3 | C28: 가정: CPI 자료 없음. 직접 테스트로 교체
A29: 고정비
A30: 서버·DB 등 월 고정비 | B30: 0 | C30: 확인 필요: Vercel·Supabase·도메인 실제 청구액 입력

Sheet 사용자당
A1: 사용자 1명당 AI 비용과 매출
A3: 항목 | B3: 값 | C3: 설명
A4: 설치당 AI 비용 (무료 사용자 평균) | B4: =입력!$B$13*입력!$B$18+입력!$B$14*입력!$B$19+입력!$B$16*입력!$B$20 | C4: 상담 + 리포트 + Q&A의 행동 비율 가중합
A5: 구독자 추가 AI 비용 (월) | B5: =입력!$B$16*입력!$B$22 | C5: Q&A 단가 × 월 질문 수
A6: 구독자 월 순매출 | B6: =입력!$B$6*(1-입력!$B$9)*(1-입력!$B$10)*(1-입력!$B$11) | C6: 수수료·환불·RevenueCat 차감 후
A7: 구독자 월 마진 (AI 비용 차감) | B7: =B6-B5 | C7: 구독 1명이 한 달에 남기는 돈
A8: 딥 리포트 1건 순매출 | B8: =입력!$B$7*(1-입력!$B$9)*(1-입력!$B$10)*(1-입력!$B$11)
A9: 딥 리포트 1건 마진 | B9: =B8-입력!$B$14
A10: 구독자 최대 사용 시 월 AI 비용 | B10: =입력!$B$16*300 | C10: 하루 10회 × 30일 전부 사용 (상한)
A11: 최대 사용 시에도 월 마진 양수? | B11: =IF(B6-B10>0,"예","아니오") | C11: 구독 한도가 적자를 만들지 않는지 점검

Sheet 90일 시나리오
A1: 90일 시나리오 (승인 후)
A2: 설치·전환율은 2026-10-19 예측가 3명의 합의 범위(추정). 파란 칸을 바꾸면 전부 다시 계산됩니다.
A4: 항목 | B4: P10 (나쁨) | C4: P50 (중앙) | D4: P90 (터짐) | E4: 비고
A5: 총 설치 | B5: 60 | C5: 500 | D5: 4000 | E5: 합의: P10 40~120, P50 400~600, P90 3천~8천 (추정)
A6: 설치→구독 전환율 | B6: 0.005 | C6: 0.012 | D6: 0.025 | E6: RevenueCat 중앙값 2.0%를 콜드스타트로 하향 (중앙값 확인됨, 조정은 추정)
A7: 설치→리포트 구매율 | B7: 0.003 | C7: 0.008 | D7: 0.012 | E7: 예측가 제시치에서 환산 (추정)
A8: 설치→연간 리포트 구매율 | B8: 0 | C8: 0.003 | D8: 0.008 | E8: 12/1 이후 시즌 효과 (추정, 근거 약함)
A9: 계산
A10: 구독자 수 | B10: =B5*B6 | C10: =C5*C6 | D10: =D5*D6
A11: 딥 리포트 판매 수 | B11: =B5*B7 | C11: =C5*C7 | D11: =D5*D7
A12: 연간 리포트 판매 수 | B12: =B5*B8 | C12: =C5*C8 | D12: =D5*D8
A13: 구독 총매출 | B13: =B10*입력!$B$6*입력!$B$23 | C13: =C10*입력!$B$6*입력!$B$23 | D13: =D10*입력!$B$6*입력!$B$23
A14: 딥 리포트 총매출 | B14: =B11*입력!$B$7 | C14: =C11*입력!$B$7 | D14: =D11*입력!$B$7
A15: 연간 리포트 총매출 | B15: =B12*입력!$B$8 | C15: =C12*입력!$B$8 | D15: =D12*입력!$B$8
A16: 총매출 합계 | B16: =B13+B14+B15 | C16: =C13+C14+C15 | D16: =D13+D14+D15
A17: (−) 스토어·환불·RevenueCat | B17: =-B16*(1-(1-입력!$B$9)*(1-입력!$B$10)*(1-입력!$B$11)) | C17: =-C16*(1-(1-입력!$B$9)*(1-입력!$B$10)*(1-입력!$B$11)) | D17: =-D16*(1-(1-입력!$B$9)*(1-입력!$B$10)*(1-입력!$B$11))
A18: 순매출 | B18: =B16+B17 | C18: =C16+C17 | D18: =D16+D17
A19: (−) 무료 사용자 AI 비용 | B19: =-B5*사용자당!$B$4 | C19: =-C5*사용자당!$B$4 | D19: =-D5*사용자당!$B$4
A20: (−) 구독자 추가 AI 비용 | B20: =-B10*사용자당!$B$5*입력!$B$23 | C20: =-C10*사용자당!$B$5*입력!$B$23 | D20: =-D10*사용자당!$B$5*입력!$B$23
A21: (−) 구매 리포트 AI 비용 | B21: =-(B11*입력!$B$14+B12*입력!$B$15) | C21: =-(C11*입력!$B$14+C12*입력!$B$15) | D21: =-(D11*입력!$B$14+D12*입력!$B$15)
A22: (−) 마케팅 지출 | B22: =-(입력!$B$25+입력!$B$26+입력!$B$27) | C22: =-(입력!$B$25+입력!$B$26+입력!$B$27) | D22: =-(입력!$B$25+입력!$B$26+입력!$B$27)
A23: (−) 고정비 (3개월) | B23: =-입력!$B$30*3 | C23: =-입력!$B$30*3 | D23: =-입력!$B$30*3
A24: 90일 순이익 | B24: =B18+B19+B20+B21+B22+B23 | C24: =C18+C19+C20+C21+C22+C23 | D24: =D18+D19+D20+D21+D22+D23
A25: 마케팅·고정비 제외 이익 (공헌이익) | B25: =B18+B19+B20+B21 | C25: =C18+C19+C20+C21 | D25: =D18+D19+D20+D21
A26: 설치당 공헌이익 | B26: =IF(B5=0,0,B25/B5) | C26: =IF(C5=0,0,C25/C5) | D26: =IF(D5=0,0,D25/D5)
A27: 유료 증폭 설치 수 (CPI 기준) | B27: =MIN(B5,입력!$B$25/입력!$B$28) | C27: =MIN(C5,입력!$B$25/입력!$B$28) | D27: =MIN(D5,입력!$B$25/입력!$B$28)
A29: 해석 메모
A30: · 이 표의 총매출은 90일 누적이며, MRR이 아니라 결제된 개월 수 기준입니다.
A31: · 마케팅은 설치 수와 연동하지 않고 한도 지출액을 전부 쓴다고 가정합니다(보수적).
A32: · 설치 수는 합의 범위의 추정이며, 실측 전에는 방향을 보는 용도입니다.

Sheet CPI 민감도
A1: 설치 1건당 손익: 광고비(CPI)와 설치당 총매출에 따라
A2: 셀 값 = 설치당 총매출 × (1−수수료)(1−환불)(1−RC) − 설치당 AI 비용 − CPI. 음수(괄호)면 그 설치는 적자입니다.
A4: 설치당 순매출 환산계수 | B4: =(1-입력!$B$9)*(1-입력!$B$10)*(1-입력!$B$11)
A5: 설치당 AI 비용 | B5: =사용자당!B4
A6: 손익분기 CPI (설치당 총매출 $0.30 기준) | B6: =0.3*B4-B5 | C6: ← 총매출 $0.30/설치(RevenueCat 60일 중앙값 부근)일 때 이 CPI 이하여야 흑자
A8: CPI ↓ / 설치당 총매출 → | B8: 0.15 | C8: 0.25 | D8: 0.34 | E8: 0.5 | F8: 0.75 | G8: 1
A9: 0 | B9: =B$8*$B$4-$B$5-$A9 | C9: =C$8*$B$4-$B$5-$A9 | D9: =D$8*$B$4-$B$5-$A9 | E9: =E$8*$B$4-$B$5-$A9 | F9: =F$8*$B$4-$B$5-$A9 | G9: =G$8*$B$4-$B$5-$A9
A10: 0.25 | B10: =B$8*$B$4-$B$5-$A10 | C10: =C$8*$B$4-$B$5-$A10 | D10: =D$8*$B$4-$B$5-$A10 | E10: =E$8*$B$4-$B$5-$A10 | F10: =F$8*$B$4-$B$5-$A10 | G10: =G$8*$B$4-$B$5-$A10
A11: 0.5 | B11: =B$8*$B$4-$B$5-$A11 | C11: =C$8*$B$4-$B$5-$A11 | D11: =D$8*$B$4-$B$5-$A11 | E11: =E$8*$B$4-$B$5-$A11 | F11: =F$8*$B$4-$B$5-$A11 | G11: =G$8*$B$4-$B$5-$A11
A12: 1 | B12: =B$8*$B$4-$B$5-$A12 | C12: =C$8*$B$4-$B$5-$A12 | D12: =D$8*$B$4-$B$5-$A12 | E12: =E$8*$B$4-$B$5-$A12 | F12: =F$8*$B$4-$B$5-$A12 | G12: =G$8*$B$4-$B$5-$A12
A13: 2 | B13: =B$8*$B$4-$B$5-$A13 | C13: =C$8*$B$4-$B$5-$A13 | D13: =D$8*$B$4-$B$5-$A13 | E13: =E$8*$B$4-$B$5-$A13 | F13: =F$8*$B$4-$B$5-$A13 | G13: =G$8*$B$4-$B$5-$A13
A14: 3 | B14: =B$8*$B$4-$B$5-$A14 | C14: =C$8*$B$4-$B$5-$A14 | D14: =D$8*$B$4-$B$5-$A14 | E14: =E$8*$B$4-$B$5-$A14 | F14: =F$8*$B$4-$B$5-$A14 | G14: =G$8*$B$4-$B$5-$A14
A15: 4 | B15: =B$8*$B$4-$B$5-$A15 | C15: =C$8*$B$4-$B$5-$A15 | D15: =D$8*$B$4-$B$5-$A15 | E15: =E$8*$B$4-$B$5-$A15 | F15: =F$8*$B$4-$B$5-$A15 | G15: =G$8*$B$4-$B$5-$A15
A16: 5 | B16: =B$8*$B$4-$B$5-$A16 | C16: =C$8*$B$4-$B$5-$A16 | D16: =D$8*$B$4-$B$5-$A16 | E16: =E$8*$B$4-$B$5-$A16 | F16: =F$8*$B$4-$B$5-$A16 | G16: =G$8*$B$4-$B$5-$A16
A18: 읽는 법: 오가닉·시딩 유입(CPI 약 $0)은 설치당 총매출이 $0.15만 돼도 흑자입니다. 유료 증폭(CPI $2~4)은 설치당 총매출이 $1.00이어도(RevenueCat 중앙값의 약 3배) 적자입니다. 손익분기 CPI는 위 B6 값이고, 설치당 총매출 $1.00일 때도 약 $0.75입니다.
A19: 0.34 = RevenueCat 2026판 60일 설치당 매출 중앙값(확인됨). 나머지 열은 시나리오용 임의 값입니다.

Sheet 500만원 목표
A1: 월 순이익 목표에서 거꾸로 계산: 필요한 설치·구독자 수
A2: 정상 상태(매달 같은 수준이 유지될 때) 기준입니다. 파란 칸을 바꾸면 전부 다시 계산됩니다. 소득세는 포함하지 않습니다.
A4: 목표 월 순이익 (원) | B4: 5000000
A5: 환율 (원/달러) | B5: 1400 | C5: 가정. 실제 환율로 교체
A6: 목표 월 순이익 (달러) | B6: =B4/B5
A7: 월 마케팅 지출 (달러) | B7: 500 | C7: MARKETING_SPEC.md 월 예산 $500 (확인됨)
A8: 월 고정비 (달러) | B8: =입력!$B$30 | C8: 입력 탭의 값. 실제 청구액으로 교체 필요
A9: 순매출 환산계수 | B9: ='CPI 민감도'!B4
A11: 항목 | B11: A 보수 | C11: B 중간 | D11: C 낙관 | E11: D 중간+가격 $9.99
A12: 구독 월 가격 | B12: =입력!$B$6 | C12: =입력!$B$6 | D12: =입력!$B$6 | E12: 9.99 | F12: D만 가격 인상 가정 (입력값)
A13: 설치→구독 전환율 | B13: 0.012 | C13: 0.018 | D13: 0.025 | E13: 0.018 | F13: RevenueCat 중앙값 2.0%(확인됨) 기준 조정 (추정)
A14: 구독자 월 이탈률 | B14: 0.3 | C14: 0.25 | D14: 0.2 | E14: 0.25 | F14: 근거 약함 (추정). 실측으로 교체
A15: 설치→딥 리포트 구매율 | B15: 0.01 | C15: 0.015 | D15: 0.02 | E15: 0.015 | F15: 추정
A16: 계산
A17: 구독자 1명 월 마진 | B17: =B12*$B$9-사용자당!$B$5 | C17: =C12*$B$9-사용자당!$B$5 | D17: =D12*$B$9-사용자당!$B$5 | E17: =E12*$B$9-사용자당!$B$5
A18: 딥 리포트 1건 마진 | B18: =입력!$B$7*$B$9-입력!$B$14 | C18: =입력!$B$7*$B$9-입력!$B$14 | D18: =입력!$B$7*$B$9-입력!$B$14 | E18: =입력!$B$7*$B$9-입력!$B$14
A19: 정상 상태 구독자 / 월 신규 설치 | B19: =B13/B14 | C19: =C13/C14 | D19: =D13/D14 | E19: =E13/E14
A20: 설치 1건당 월 공헌이익 | B20: =B19*B17+B15*B18-사용자당!$B$4 | C20: =C19*C17+C15*C18-사용자당!$B$4 | D20: =D19*D17+D15*D18-사용자당!$B$4 | E20: =E19*E17+E15*E18-사용자당!$B$4
A21: 필요 월 신규 설치 | B21: =($B$6+$B$7+$B$8)/B20 | C21: =($B$6+$B$7+$B$8)/C20 | D21: =($B$6+$B$7+$B$8)/D20 | E21: =($B$6+$B$7+$B$8)/E20
A22: 필요 일 신규 설치 | B22: =B21/30 | C22: =C21/30 | D22: =D21/30 | E22: =E21/30
A23: 필요 활성 구독자 | B23: =B21*B19 | C23: =C21*C19 | D23: =D21*D19 | E23: =E21*E19
A24: 월 딥 리포트 판매 | B24: =B21*B15 | C24: =C21*C15 | D24: =D21*D15 | E24: =E21*E15
A25: 월 구독 매출 기여 (순) | B25: =B23*B17 | C25: =C23*C17 | D25: =D23*D17 | E25: =E23*E17
A26: 월 리포트 매출 기여 (순) | B26: =B24*B18 | C26: =C24*C18 | D26: =D24*D18 | E26: =E24*E18
A28: 유입에 필요한 조회수
A29: 조회→설치 전환율 | B29: 0.002 | C29: 가정 0.1~0.3%의 중간. 출처 없음. 첫 영상 데이터로 교체
A30: 필요 월 조회수 (전부 숏폼 유입일 때) | B30: =B21/$B$29 | C30: =C21/$B$29 | D30: =D21/$B$29 | E30: =E21/$B$29
A31: 필요 월 조회수 (설치의 50%가 숏폼일 때) | B31: =B21*$B$32/$B$29 | C31: =C21*$B$32/$B$29 | D31: =D21*$B$32/$B$29 | E31: =E21*$B$32/$B$29
A32: 숏폼 유입 비중 | B32: 0.5
A34: 성장 경로 (B 중간 시나리오 단가로 환산한 정상 상태 월 순이익)
A35: 시점 | B35: 월 신규 설치 (목표) | C35: 월 순이익 ($) | D35: 월 순이익 (원) | E35: 목표 대비
A36: 3개월 | B36: 450 | C36: =B36*$C$20-$B$7-$B$8 | D36: =C36*$B$5 | E36: =D36/$B$4
A37: 6개월 | B37: 2000 | C37: =B37*$C$20-$B$7-$B$8 | D37: =C37*$B$5 | E37: =D37/$B$4
A38: 9개월 | B38: 4000 | C38: =B38*$C$20-$B$7-$B$8 | D38: =C38*$B$5 | E38: =D38/$B$4
A39: 12개월 | B39: 6000 | C39: =B39*$C$20-$B$7-$B$8 | D39: =C39*$B$5 | E39: =D39/$B$4
A40: 15개월 | B40: 7000 | C40: =B40*$C$20-$B$7-$B$8 | D40: =C40*$B$5 | E40: =D40/$B$4
A41: 18개월 | B41: 8000 | C41: =B41*$C$20-$B$7-$B$8 | D41: =C41*$B$5 | E41: =D41/$B$4
A43: · 경로의 수익은 구독자가 쌓이는 시차를 무시한 정상 상태 값이라 실제로는 몇 달 늦게 따라옵니다. 설치 수 목표는 임의의 예시입니다.
A44: · 6개월 시점에 구독자 50명 미만이면 이 경로는 맞지 않다고 보고 가격·구조를 먼저 바꿉니다(판단 기준, 계산 아님).
